service,setting,name,sd0,req0,sd1,req1,sd2,req2,sd3,req3,sd4,req4,sd5,req5,sd6,req6,sd7,req7,sd8,req8,sd9,req9,sd10,req10,sd11,req11,sd12,req12,sd13,req13,sd14,req14,sd15,req15,sd16,req16,sd17,req17,sd18,req18,sd19,req19,sd20,req20,sd21,req21,sd22,req22,sd23,req23,sd24,req24,sd25,req25,sd26,req26,sd27,req27,sd28,req28,sd29,req29,sd30,req30,sd31,req31,sd32,req32,sd33,req33,sd34,req34,sd35,req35,sd36,req36,sd37,req37,sd38,req38,sd39,req39,sd40,req40,sd41,req41,sd42,req42,sd43,req43,sd44,req44,sd45,req45,sd46,req46,sd47,req47,sd48,req48,sd49,req49,policy,change
0,G4.3.1,service0,"(1, True)","([1, 2], 0, False)","(2, False)","([1, 2], 0, True)","(2, False)","([1, 2], 0, True)","(2, True)","([0, 2], 0, False)","(1, True)","([1, 2], 0, False)","(0, False)","([2, 2], 0, True)","(0, True)","([0, 2], 0, True)","(2, True)","([1, 2], 1, False)","(1, True)","([1, 2], 0, True)","(1, True)","([1, 2], 1, False)","(1, True)","([1, 2], 0, False)","(1, False)","([1, 2], 1, True)","(0, False)","([1, 2], 0, True)","(2, False)","([1, 2], 0, True)","(2, True)","([1, 2], 0, True)","(0, False)","([1, 2], 0, True)","(0, True)","([2, 2], 0, True)","(1, True)","([0, 2], 0, True)","(2, True)","([1, 2], 1, False)","(2, False)","([1, 2], 1, False)","(2, True)","([2, 2], 0, False)","(0, True)","([0, 2], 1, False)","(0, True)","([1, 2], 0, True)","(2, False)","([1, 2], 1, False)","(0, False)","([0, 2], 0, False)","(2, False)","([1, 2], 0, False)","(2, True)","([1, 2], 1, True)","(1, True)","([1, 2], 1, True)","(2, True)","([1, 2], 1, False)","(2, False)","([1, 2], 0, True)","(0, False)","([1, 2], 0, True)","(0, True)","([1, 2], 1, True)","(2, True)","([0, 2], 1, True)","(2, True)","([1, 2], 1, True)","(2, True)","([1, 2], 1, True)","(2, False)","([0, 2], 0, True)","(0, True)","([2, 2], 1, False)","(0, True)","([1, 2], 1, True)","(2, False)","([1, 2], 0, True)","(2, True)","([1, 2], 0, False)","(1, False)","([1, 2], 1, False)","(2, True)","([1, 2], 0, False)","(2, True)","([1, 2], 1, False)","(2, False)","([0, 2], 0, False)","(1, True)","([1, 2], 0, False)","(0, False)","([1, 2], 1, False)","(1, False)","([1, 2], 0, True)","(2, False)","([0, 2], 0, True)","(2, False)","([1, 2], 0, True)","(0, False)","([1, 2], 1, True)","[0.3, 0.6]",[]
1,G4.3.1,service1,"(2, False)","([2, 2], 0, False)","(2, False)","([1, 2], 0, False)","(2, False)","([1, 2], 1, False)","(1, False)","([2, 2], 1, False)","(0, True)","([1, 2], 0, False)","(0, True)","([1, 2], 1, True)","(2, False)","([1, 2], 0, False)","(2, False)","([0, 2], 1, False)","(2, True)","([1, 2], 0, True)","(2, False)","([2, 2], 1, False)","(2, False)","([1, 2], 1, True)","(2, False)","([2, 2], 0, True)","(0, True)","([0, 2], 0, True)","(0, True)","([1, 2], 0, False)","(0, False)","([1, 2], 0, False)","(2, False)","([2, 2], 0, True)","(1, True)","([0, 2], 0, True)","(2, False)","([1, 2], 0, True)","(2, False)","([1, 2], 1, True)","(2, True)","([1, 2], 0, True)","(2, True)","([1, 2], 0, False)","(1, False)","([1, 2], 1, True)","(2, False)","([1, 2], 0, True)","(2, False)","([1, 2], 0, True)","(2, True)","([1, 2], 1, True)","(0, False)","([0, 2], 0, True)","(0, True)","([1, 2], 0, True)","(1, True)","([0, 2], 0, True)","(2, True)","([1, 2], 0, True)","(0, False)","([2, 2], 0, True)","(2, False)","([1, 2], 0, False)","(2, False)","([1, 2], 0, True)","(2, True)","([1, 2], 0, True)","(2, True)","([1, 2], 0, True)","(2, False)","([0, 2], 0, False)","(2, False)","([1, 2], 1, True)","(2, True)","([0, 2], 1, True)","(1, True)","([1, 2], 1, True)","(2, False)","([1, 2], 0, True)","(1, False)","([0, 2], 0, True)","(2, True)","([1, 2], 1, False)","(0, True)","([2, 2], 1, False)","(2, True)","([1, 2], 0, True)","(0, True)","([1, 2], 1, True)","(0, True)","([1, 2], 1, True)","(2, True)","([1, 2], 1, True)","(1, True)","([0, 2], 0, True)","(2, False)","([0, 2], 1, True)","(1, True)","([1, 2], 0, False)","(1, False)","([1, 2], 0, True)","[0.3, 0.6]",[]
2,G4.3.1,service2,"(2, True)","([1, 2], 0, False)","(2, True)","([2, 2], 0, True)","(0, True)","([0, 2], 0, True)","(0, True)","([1, 2], 1, True)","(1, False)","([1, 2], 1, True)","(2, False)","([2, 2], 0, True)","(2, False)","([0, 2], 0, False)","(2, False)","([1, 2], 1, False)","(1, True)","([0, 2], 1, True)","(1, False)","([1, 2], 0, False)","(0, True)","([1, 2], 1, True)","(1, True)","([1, 2], 0, False)","(2, False)","([1, 2], 0, True)","(2, False)","([1, 2], 0, False)","(2, False)","([1, 2], 0, True)","(1, True)","([1, 2], 0, False)","(1, True)","([2, 2], 0, True)","(0, False)","([1, 2], 0, False)","(0, False)","([1, 2], 1, True)","(2, False)","([0, 2], 1, False)","(1, False)","([1, 2], 0, True)","(2, False)","([1, 2], 1, True)","(0, True)","([1, 2], 1, False)","(0, True)","([1, 2], 0, True)","(0, True)","([1, 2], 1, False)","(2, False)","([0, 2], 1, False)","(1, True)","([2, 2], 0, False)","(2, True)","([1, 2], 0, True)","(0, False)","([1, 2], 0, False)","(1, True)","([1, 2], 0, True)","(2, True)","([0, 2], 0, False)","(0, False)","([1, 2], 0, True)","(2, False)","([0, 2], 0, True)","(0, False)","([1, 2], 0, True)","(2, True)","([1, 2], 1, True)","(0, True)","([1, 2], 0, True)","(2, False)","([1, 2], 0, False)","(2, True)","([1, 2], 1, True)","(2, True)","([1, 2], 0, True)","(2, True)","([1, 2], 1, True)","(2, True)","([1, 2], 0, False)","(2, False)","([1, 2], 0, False)","(2, True)","([2, 2], 0, False)","(0, True)","([2, 2], 0, False)","(2, True)","([1, 2], 0, True)","(2, False)","([1, 2], 0, True)","(1, True)","([1, 2], 0, True)","(1, True)","([1, 2], 0, True)","(1, True)","([1, 2], 0, False)","(1, False)","([1, 2], 0, True)","[0.3, 0.6]",[]
3,G4.3.1,service3,"(2, False)","([2, 2], 0, True)","(0, False)","([1, 2], 1, False)","(2, False)","([0, 2], 0, False)","(2, False)","([1, 2], 0, False)","(2, False)","([1, 2], 1, False)","(2, False)","([2, 2], 0, False)","(1, False)","([1, 2], 0, False)","(1, False)","([1, 2], 0, True)","(1, False)","([1, 2], 0, True)","(0, True)","([2, 2], 0, False)","(0, True)","([1, 2], 0, False)","(1, True)","([2, 2], 0, False)","(1, True)","([1, 2], 1, True)","(1, True)","([1, 2], 0, True)","(1, False)","([1, 2], 1, True)","(2, False)","([1, 2], 0, False)","(2, False)","([1, 2], 0, True)","(0, True)","([2, 2], 0, True)","(2, False)","([2, 2], 0, False)","(1, False)","([1, 2], 0, True)","(0, False)","([1, 2], 1, True)","(0, False)","([1, 2], 0, True)","(2, False)","([1, 2], 0, True)","(1, False)","([1, 2], 1, True)","(2, False)","([1, 2], 0, True)","(0, False)","([1, 2], 0, False)","(0, True)","([0, 2], 0, False)","(2, False)","([1, 2], 1, True)","(2, True)","([1, 2], 0, False)","(2, True)","([2, 2], 1, False)","(2, True)","([1, 2], 0, False)","(1, False)","([0, 2], 0, True)","(0, False)","([1, 2], 1, True)","(2, False)","([2, 2], 1, True)","(2, True)","([0, 2], 1, True)","(0, True)","([2, 2], 1, False)","(2, False)","([1, 2], 1, False)","(2, True)","([1, 2], 0, False)","(2, True)","([1, 2], 0, True)","(1, False)","([1, 2], 0, True)","(2, False)","([1, 2], 0, True)","(2, True)","([2, 2], 1, True)","(2, True)","([1, 2], 1, False)","(2, True)","([0, 2], 0, False)","(1, False)","([1, 2], 0, False)","(2, False)","([0, 2], 1, True)","(2, False)","([1, 2], 1, True)","(0, True)","([1, 2], 1, False)","(1, True)","([2, 2], 1, False)","(2, False)","([1, 2], 0, False)","[0.3, 0.6]",[]
4,G4.3.1,service4,"(1, False)","([0, 2], 0, False)","(1, True)","([0, 2], 0, True)","(1, True)","([1, 2], 0, False)","(1, True)","([0, 2], 1, True)","(2, True)","([1, 2], 1, False)","(2, True)","([1, 2], 1, True)","(0, False)","([1, 2], 1, True)","(0, False)","([1, 2], 0, True)","(1, True)","([1, 2], 0, True)","(0, False)","([1, 2], 1, False)","(0, False)","([1, 2], 0, False)","(0, False)","([1, 2], 1, True)","(2, True)","([0, 2], 0, True)","(2, False)","([1, 2], 1, False)","(0, False)","([1, 2], 0, False)","(1, False)","([2, 2], 0, True)","(0, True)","([1, 2], 0, True)","(2, False)","([1, 2], 1, False)","(0, True)","([0, 2], 0, True)","(0, True)","([2, 2], 1, False)","(1, False)","([1, 2], 0, False)","(0, False)","([1, 2], 0, False)","(1, True)","([1, 2], 1, True)","(1, True)","([1, 2], 0, False)","(2, False)","([1, 2], 1, True)","(2, True)","([1, 2], 0, False)","(0, True)","([1, 2], 0, False)","(2, False)","([1, 2], 0, True)","(2, True)","([1, 2], 1, True)","(2, False)","([2, 2], 1, True)","(1, True)","([1, 2], 0, True)","(2, True)","([0, 2], 1, False)","(0, False)","([1, 2], 0, False)","(2, False)","([1, 2], 1, False)","(0, True)","([1, 2], 1, True)","(2, True)","([1, 2], 0, False)","(1, True)","([1, 2], 1, True)","(0, False)","([1, 2], 0, True)","(2, True)","([1, 2], 0, True)","(1, True)","([0, 2], 1, True)","(2, False)","([2, 2], 1, False)","(1, False)","([1, 2], 1, False)","(0, True)","([1, 2], 0, True)","(0, True)","([2, 2], 1, True)","(0, True)","([1, 2], 0, False)","(2, False)","([2, 2], 0, True)","(2, True)","([2, 2], 1, True)","(2, True)","([1, 2], 0, False)","(2, False)","([0, 2], 0, True)","(0, False)","([1, 2], 1, False)","[0.3, 0.6]",[]
5,G4.3.1,service5,"(2, True)","([1, 2], 0, False)","(2, False)","([1, 2], 1, True)","(0, True)","([2, 2], 0, False)","(0, True)","([1, 2], 0, True)","(2, True)","([2, 2], 0, False)","(2, False)","([1, 2], 0, False)","(1, False)","([1, 2], 0, False)","(0, False)","([1, 2], 0, False)","(2, True)","([1, 2], 0, True)","(0, False)","([0, 2], 0, False)","(2, True)","([1, 2], 1, True)","(0, True)","([1, 2], 1, False)","(0, True)","([0, 2], 0, False)","(2, False)","([1, 2], 1, False)","(1, False)","([2, 2], 0, True)","(0, True)","([1, 2], 1, True)","(2, False)","([1, 2], 1, False)","(2, False)","([0, 2], 1, False)","(0, True)","([1, 2], 0, True)","(2, True)","([1, 2], 0, True)","(0, True)","([2, 2], 1, True)","(0, True)","([2, 2], 1, False)","(1, True)","([2, 2], 0, True)","(1, False)","([1, 2], 1, False)","(2, False)","([2, 2], 0, False)","(1, False)","([2, 2], 0, False)","(2, False)","([1, 2], 0, True)","(0, True)","([1, 2], 1, False)","(1, True)","([1, 2], 1, False)","(1, True)","([0, 2], 0, False)","(2, False)","([1, 2], 1, True)","(0, False)","([1, 2], 0, False)","(2, False)","([0, 2], 1, False)","(2, False)","([1, 2], 0, False)","(0, True)","([1, 2], 0, True)","(0, False)","([1, 2], 0, True)","(0, False)","([0, 2], 1, False)","(2, True)","([2, 2], 0, False)","(1, True)","([1, 2], 0, False)","(0, True)","([1, 2], 1, False)","(2, True)","([1, 2], 0, True)","(2, False)","([0, 2], 1, True)","(2, True)","([0, 2], 1, False)","(1, False)","([2, 2], 1, False)","(2, False)","([1, 2], 0, True)","(1, True)","([1, 2], 0, True)","(2, True)","([0, 2], 0, False)","(1, False)","([1, 2], 0, False)","(1, True)","([1, 2], 1, True)","(1, False)","([2, 2], 0, True)","[0.3, 0.6]",[]
6,G4.3.1,service6,"(0, False)","([1, 2], 1, True)","(1, False)","([2, 2], 0, False)","(1, True)","([1, 2], 0, False)","(1, True)","([1, 2], 0, True)","(2, False)","([1, 2], 1, True)","(1, True)","([1, 2], 0, False)","(2, True)","([1, 2], 0, True)","(2, False)","([1, 2], 0, True)","(1, False)","([2, 2], 0, True)","(2, False)","([1, 2], 0, False)","(0, False)","([1, 2], 1, False)","(0, True)","([2, 2], 0, True)","(1, True)","([1, 2], 1, False)","(2, True)","([1, 2], 0, False)","(2, False)","([1, 2], 0, False)","(1, False)","([1, 2], 0, False)","(0, False)","([2, 2], 1, True)","(1, True)","([1, 2], 1, False)","(2, False)","([1, 2], 0, True)","(2, False)","([1, 2], 0, False)","(0, False)","([1, 2], 1, True)","(2, True)","([1, 2], 1, False)","(2, True)","([1, 2], 0, True)","(1, False)","([1, 2], 1, True)","(0, True)","([1, 2], 1, False)","(2, True)","([2, 2], 1, False)","(1, True)","([1, 2], 0, False)","(2, False)","([1, 2], 0, False)","(0, True)","([1, 2], 1, False)","(0, False)","([0, 2], 0, True)","(1, False)","([1, 2], 0, False)","(2, True)","([1, 2], 1, True)","(2, True)","([2, 2], 1, False)","(2, False)","([0, 2], 0, True)","(2, True)","([1, 2], 0, False)","(2, True)","([1, 2], 0, False)","(2, True)","([1, 2], 0, True)","(1, True)","([1, 2], 1, True)","(2, False)","([0, 2], 1, True)","(0, False)","([2, 2], 0, False)","(2, True)","([1, 2], 0, False)","(2, False)","([1, 2], 0, True)","(2, True)","([1, 2], 0, True)","(2, True)","([1, 2], 0, False)","(0, False)","([1, 2], 0, True)","(1, True)","([1, 2], 0, False)","(0, False)","([1, 2], 0, True)","(2, False)","([0, 2], 0, True)","(2, False)","([1, 2], 1, True)","(2, False)","([0, 2], 1, False)","[0.3, 0.6]",[]
7,G4.3.1,service7,"(0, True)","([1, 2], 0, False)","(2, False)","([1, 2], 0, True)","(2, False)","([2, 2], 0, True)","(2, False)","([1, 2], 0, True)","(1, False)","([0, 2], 1, False)","(2, True)","([1, 2], 0, True)","(0, True)","([2, 2], 1, False)","(0, True)","([1, 2], 0, True)","(0, True)","([2, 2], 0, True)","(2, True)","([1, 2], 1, False)","(0, True)","([1, 2], 1, False)","(2, False)","([1, 2], 0, False)","(0, True)","([1, 2], 0, True)","(1, True)","([1, 2], 0, False)","(2, False)","([1, 2], 0, True)","(2, False)","([1, 2], 0, False)","(2, True)","([2, 2], 0, True)","(2, True)","([1, 2], 0, True)","(2, True)","([1, 2], 1, True)","(0, True)","([1, 2], 0, True)","(2, True)","([1, 2], 0, False)","(0, True)","([1, 2], 1, False)","(0, True)","([1, 2], 0, True)","(1, True)","([0, 2], 1, False)","(2, False)","([1, 2], 1, False)","(2, True)","([0, 2], 0, True)","(2, False)","([1, 2], 1, True)","(2, False)","([1, 2], 0, False)","(0, False)","([1, 2], 0, False)","(0, False)","([1, 2], 0, False)","(2, False)","([1, 2], 0, True)","(1, False)","([1, 2], 1, True)","(0, False)","([2, 2], 0, False)","(2, False)","([1, 2], 0, False)","(2, True)","([1, 2], 0, False)","(0, True)","([1, 2], 0, False)","(0, False)","([2, 2], 1, False)","(0, True)","([0, 2], 0, False)","(2, True)","([1, 2], 0, False)","(2, False)","([1, 2], 1, True)","(1, True)","([1, 2], 0, True)","(2, True)","([1, 2], 0, True)","(2, False)","([1, 2], 0, True)","(2, False)","([1, 2], 1, True)","(1, False)","([0, 2], 1, True)","(0, True)","([2, 2], 0, True)","(2, True)","([1, 2], 0, False)","(2, False)","([1, 2], 1, False)","(2, True)","([1, 2], 0, False)","(0, False)","([0, 2], 1, False)","[0.3, 0.6]",[]
8,G4.3.1,service8,"(1, True)","([1, 2], 0, False)","(0, False)","([0, 2], 1, True)","(0, False)","([1, 2], 0, False)","(1, True)","([1, 2], 0, False)","(0, False)","([1, 2], 0, False)","(1, True)","([1, 2], 0, False)","(2, True)","([1, 2], 0, False)","(2, True)","([1, 2], 0, True)","(0, True)","([1, 2], 0, False)","(2, False)","([1, 2], 0, True)","(2, False)","([1, 2], 0, False)","(1, True)","([1, 2], 0, False)","(1, True)","([2, 2], 1, True)","(1, True)","([2, 2], 0, True)","(2, False)","([1, 2], 0, False)","(1, False)","([0, 2], 0, True)","(2, True)","([1, 2], 1, False)","(2, False)","([1, 2], 1, False)","(1, False)","([1, 2], 0, True)","(1, False)","([0, 2], 1, False)","(2, True)","([2, 2], 1, False)","(0, False)","([0, 2], 0, True)","(1, True)","([2, 2], 0, True)","(0, True)","([0, 2], 1, False)","(1, False)","([1, 2], 0, False)","(1, True)","([1, 2], 1, True)","(2, True)","([1, 2], 0, False)","(2, False)","([1, 2], 1, False)","(0, True)","([1, 2], 0, True)","(2, True)","([0, 2], 0, True)","(1, False)","([1, 2], 1, False)","(2, True)","([1, 2], 0, False)","(0, True)","([1, 2], 0, False)","(1, True)","([1, 2], 1, True)","(1, True)","([1, 2], 0, True)","(2, False)","([1, 2], 0, True)","(2, True)","([0, 2], 0, True)","(2, True)","([1, 2], 1, True)","(0, False)","([1, 2], 0, False)","(2, True)","([1, 2], 0, True)","(1, True)","([1, 2], 1, False)","(0, True)","([1, 2], 0, False)","(2, False)","([1, 2], 0, False)","(2, False)","([2, 2], 0, False)","(2, True)","([2, 2], 0, True)","(2, True)","([1, 2], 0, True)","(2, False)","([1, 2], 0, False)","(2, False)","([1, 2], 0, False)","(2, True)","([1, 2], 1, False)","(2, True)","([1, 2], 1, False)","[0.3, 0.6]",[]
9,G4.3.1,service9,"(2, True)","([1, 2], 0, True)","(2, False)","([1, 2], 0, False)","(1, False)","([1, 2], 0, True)","(2, False)","([0, 2], 0, False)","(2, False)","([1, 2], 0, False)","(0, False)","([1, 2], 0, True)","(2, True)","([1, 2], 0, True)","(1, False)","([1, 2], 1, False)","(2, False)","([1, 2], 1, True)","(2, False)","([2, 2], 0, False)","(2, True)","([2, 2], 1, True)","(2, False)","([0, 2], 1, False)","(1, False)","([1, 2], 0, False)","(1, False)","([2, 2], 0, True)","(1, True)","([1, 2], 1, False)","(2, True)","([0, 2], 0, True)","(2, False)","([1, 2], 1, False)","(2, False)","([1, 2], 0, True)","(2, True)","([0, 2], 1, False)","(0, True)","([1, 2], 0, False)","(2, True)","([2, 2], 1, False)","(2, False)","([2, 2], 1, True)","(2, False)","([1, 2], 1, True)","(2, True)","([1, 2], 0, True)","(2, False)","([1, 2], 0, False)","(2, True)","([1, 2], 0, False)","(2, True)","([2, 2], 0, True)","(0, False)","([1, 2], 0, False)","(0, True)","([1, 2], 1, True)","(2, False)","([2, 2], 0, False)","(1, False)","([0, 2], 0, False)","(2, True)","([0, 2], 1, False)","(2, False)","([0, 2], 1, False)","(2, True)","([2, 2], 0, True)","(1, True)","([1, 2], 1, True)","(1, False)","([1, 2], 0, True)","(0, True)","([0, 2], 0, False)","(0, False)","([1, 2], 1, True)","(0, True)","([2, 2], 0, True)","(0, False)","([1, 2], 0, False)","(2, True)","([1, 2], 1, True)","(1, True)","([1, 2], 0, True)","(2, False)","([0, 2], 1, False)","(2, False)","([1, 2], 0, True)","(2, False)","([1, 2], 0, False)","(0, True)","([1, 2], 0, True)","(2, True)","([2, 2], 0, False)","(2, False)","([1, 2], 1, True)","(1, True)","([2, 2], 0, False)","(0, False)","([1, 2], 0, True)","[0.3, 0.6]","[('sd38', 1), ('sd47', 1), ('sd6', 1), ('sd30', 0), ('sd34', 0), ('sd24', 1), ('sd46', 1)]"
10,G4.3.1,service10,"(1, False)","([2, 2], 1, False)","(2, False)","([1, 2], 0, False)","(1, True)","([0, 2], 1, True)","(0, False)","([1, 2], 0, False)","(2, True)","([1, 2], 1, False)","(2, True)","([1, 2], 0, False)","(1, False)","([0, 2], 0, True)","(1, False)","([2, 2], 1, False)","(2, True)","([0, 2], 1, False)","(0, False)","([0, 2], 1, True)","(2, False)","([2, 2], 1, True)","(0, True)","([0, 2], 0, True)","(0, False)","([1, 2], 0, False)","(1, True)","([1, 2], 1, False)","(1, False)","([2, 2], 1, True)","(1, True)","([1, 2], 1, True)","(1, True)","([1, 2], 0, True)","(2, True)","([1, 2], 1, True)","(2, True)","([1, 2], 1, False)","(2, False)","([1, 2], 0, False)","(2, True)","([1, 2], 0, False)","(1, False)","([1, 2], 0, False)","(2, False)","([1, 2], 0, True)","(2, True)","([1, 2], 0, True)","(2, False)","([2, 2], 0, False)","(0, False)","([1, 2], 1, False)","(2, True)","([1, 2], 0, True)","(2, True)","([0, 2], 0, True)","(2, False)","([1, 2], 0, True)","(1, True)","([1, 2], 0, False)","(2, False)","([1, 2], 0, True)","(0, True)","([1, 2], 1, True)","(1, False)","([0, 2], 1, False)","(1, False)","([1, 2], 0, True)","(2, True)","([1, 2], 0, True)","(0, True)","([1, 2], 0, False)","(1, False)","([1, 2], 0, False)","(0, False)","([1, 2], 0, False)","(0, True)","([1, 2], 0, True)","(0, False)","([1, 2], 0, True)","(2, False)","([1, 2], 0, True)","(2, True)","([1, 2], 0, True)","(0, False)","([2, 2], 0, False)","(2, False)","([2, 2], 0, False)","(2, True)","([1, 2], 0, True)","(0, False)","([1, 2], 1, False)","(2, False)","([1, 2], 0, False)","(0, False)","([1, 2], 1, True)","(1, True)","([2, 2], 0, False)","(1, False)","([0, 2], 1, False)","[0.3, 0.6]",[]
11,G4.3.1,service11,"(2, False)","([1, 2], 0, False)","(2, False)","([1, 2], 0, True)","(2, True)","([1, 2], 1, False)","(1, False)","([1, 2], 0, False)","(0, False)","([2, 2], 0, True)","(2, False)","([1, 2], 1, True)","(1, False)","([1, 2], 0, False)","(2, False)","([2, 2], 0, False)","(0, False)","([2, 2], 1, True)","(2, False)","([1, 2], 0, True)","(0, True)","([2, 2], 1, False)","(1, False)","([2, 2], 0, True)","(2, True)","([1, 2], 0, False)","(1, True)","([0, 2], 0, True)","(2, True)","([1, 2], 1, True)","(2, False)","([1, 2], 0, True)","(1, False)","([1, 2], 0, False)","(1, True)","([1, 2], 0, False)","(0, False)","([1, 2], 0, True)","(2, True)","([1, 2], 0, False)","(2, True)","([0, 2], 0, True)","(1, False)","([1, 2], 0, False)","(0, False)","([1, 2], 1, False)","(0, True)","([1, 2], 0, True)","(2, True)","([2, 2], 0, True)","(0, False)","([1, 2], 0, True)","(1, False)","([1, 2], 1, False)","(0, True)","([0, 2], 0, False)","(0, True)","([0, 2], 0, False)","(2, False)","([1, 2], 0, True)","(0, True)","([1, 2], 1, True)","(2, False)","([1, 2], 0, False)","(0, False)","([0, 2], 1, False)","(2, False)","([1, 2], 0, False)","(1, True)","([0, 2], 0, True)","(0, True)","([1, 2], 0, False)","(0, True)","([1, 2], 0, False)","(2, True)","([1, 2], 1, False)","(2, False)","([2, 2], 0, True)","(2, False)","([1, 2], 1, False)","(1, False)","([0, 2], 0, False)","(0, True)","([0, 2], 0, False)","(2, True)","([1, 2], 0, True)","(0, False)","([2, 2], 0, True)","(0, False)","([1, 2], 1, False)","(1, False)","([1, 2], 0, True)","(2, False)","([1, 2], 0, False)","(0, True)","([1, 2], 1, False)","(1, False)","([0, 2], 1, False)","(1, True)","([1, 2], 1, False)","[0.3, 0.6]",[]
12,G4.3.1,service12,"(1, True)","([2, 2], 0, False)","(0, False)","([1, 2], 0, False)","(2, False)","([1, 2], 0, True)","(1, False)","([1, 2], 1, True)","(0, False)","([0, 2], 0, True)","(2, True)","([1, 2], 1, False)","(2, True)","([1, 2], 0, False)","(0, False)","([1, 2], 1, False)","(2, True)","([1, 2], 0, False)","(0, False)","([2, 2], 0, True)","(1, False)","([1, 2], 0, False)","(2, True)","([0, 2], 0, True)","(1, True)","([1, 2], 1, False)","(2, True)","([2, 2], 1, True)","(1, False)","([1, 2], 1, True)","(0, False)","([1, 2], 0, False)","(0, True)","([1, 2], 0, False)","(2, True)","([0, 2], 0, False)","(0, False)","([1, 2], 0, True)","(2, True)","([2, 2], 1, True)","(2, True)","([2, 2], 0, True)","(1, True)","([1, 2], 0, False)","(2, True)","([2, 2], 0, True)","(2, False)","([1, 2], 0, False)","(0, False)","([2, 2], 0, False)","(1, True)","([1, 2], 0, True)","(2, False)","([1, 2], 1, True)","(2, False)","([1, 2], 0, True)","(2, True)","([1, 2], 1, False)","(2, True)","([1, 2], 1, True)","(0, True)","([1, 2], 0, False)","(2, False)","([1, 2], 0, True)","(2, False)","([1, 2], 0, True)","(1, True)","([1, 2], 0, False)","(0, False)","([2, 2], 1, False)","(2, False)","([1, 2], 0, False)","(1, True)","([1, 2], 1, True)","(1, True)","([1, 2], 0, False)","(2, False)","([0, 2], 0, True)","(1, True)","([1, 2], 0, False)","(0, False)","([2, 2], 1, True)","(1, False)","([1, 2], 0, True)","(2, True)","([1, 2], 1, False)","(0, False)","([1, 2], 0, False)","(2, False)","([1, 2], 0, True)","(0, False)","([1, 2], 1, True)","(0, False)","([1, 2], 1, True)","(2, False)","([1, 2], 0, False)","(0, True)","([1, 2], 0, True)","(2, False)","([1, 2], 0, True)","[0.3, 0.6]",[]
13,G4.3.1,service13,"(2, True)","([1, 2], 1, False)","(0, False)","([1, 2], 0, False)","(1, True)","([2, 2], 1, False)","(1, False)","([1, 2], 1, True)","(2, True)","([2, 2], 1, False)","(1, False)","([1, 2], 0, False)","(2, False)","([1, 2], 0, False)","(1, False)","([1, 2], 0, False)","(2, False)","([1, 2], 1, False)","(1, True)","([1, 2], 1, False)","(0, False)","([1, 2], 0, True)","(2, False)","([1, 2], 0, False)","(2, False)","([1, 2], 0, False)","(2, False)","([1, 2], 1, False)","(1, True)","([2, 2], 0, False)","(1, True)","([1, 2], 1, False)","(0, True)","([1, 2], 0, False)","(2, True)","([1, 2], 0, False)","(1, True)","([1, 2], 0, False)","(1, True)","([1, 2], 0, True)","(2, False)","([1, 2], 0, True)","(2, True)","([1, 2], 0, True)","(2, False)","([2, 2], 0, False)","(1, True)","([1, 2], 0, False)","(2, False)","([2, 2], 0, True)","(2, True)","([1, 2], 0, False)","(1, False)","([1, 2], 0, False)","(2, False)","([1, 2], 1, False)","(2, True)","([1, 2], 0, False)","(0, True)","([1, 2], 0, False)","(1, True)","([1, 2], 0, True)","(0, False)","([1, 2], 1, True)","(2, False)","([1, 2], 1, True)","(1, False)","([2, 2], 0, True)","(2, True)","([2, 2], 1, True)","(0, True)","([1, 2], 0, True)","(2, False)","([1, 2], 0, False)","(2, True)","([2, 2], 1, True)","(2, False)","([0, 2], 0, True)","(1, True)","([2, 2], 0, False)","(1, False)","([1, 2], 0, True)","(2, False)","([1, 2], 0, False)","(0, True)","([2, 2], 0, True)","(2, True)","([1, 2], 0, False)","(2, True)","([2, 2], 0, True)","(1, False)","([0, 2], 0, False)","(2, False)","([1, 2], 0, False)","(2, True)","([1, 2], 0, False)","(2, True)","([1, 2], 0, False)","(2, False)","([2, 2], 0, True)","[0.3, 0.6]","[('sd28', 1), ('sd33', 2), ('sd26', 0), ('sd23', 0), ('sd4', 1), ('sd5', 0), ('sd11', 1), ('sd16', 1), ('sd7', 0), ('sd25', 1)]"
14,G4.3.1,service14,"(1, True)","([1, 2], 0, False)","(1, True)","([0, 2], 0, True)","(2, True)","([1, 2], 1, False)","(2, True)","([2, 2], 1, False)","(2, True)","([0, 2], 0, False)","(2, True)","([1, 2], 0, True)","(0, False)","([1, 2], 1, False)","(1, True)","([1, 2], 0, True)","(2, False)","([1, 2], 0, True)","(1, True)","([1, 2], 0, True)","(2, False)","([1, 2], 1, True)","(2, True)","([2, 2], 1, False)","(1, False)","([1, 2], 0, True)","(0, False)","([0, 2], 0, False)","(1, True)","([1, 2], 1, True)","(1, False)","([1, 2], 0, True)","(0, False)","([1, 2], 0, True)","(2, False)","([1, 2], 0, False)","(0, False)","([1, 2], 0, False)","(2, True)","([1, 2], 1, False)","(2, False)","([1, 2], 1, False)","(2, True)","([1, 2], 0, False)","(2, True)","([2, 2], 0, False)","(2, False)","([1, 2], 0, False)","(0, True)","([0, 2], 0, True)","(2, True)","([1, 2], 0, False)","(0, True)","([1, 2], 0, True)","(1, True)","([1, 2], 0, False)","(1, False)","([1, 2], 0, True)","(2, False)","([1, 2], 0, False)","(1, True)","([1, 2], 0, False)","(1, False)","([0, 2], 1, True)","(2, False)","([2, 2], 0, False)","(1, True)","([2, 2], 0, False)","(2, True)","([1, 2], 0, True)","(0, False)","([2, 2], 0, False)","(2, True)","([1, 2], 0, True)","(0, True)","([1, 2], 0, True)","(0, True)","([1, 2], 0, False)","(2, False)","([2, 2], 0, True)","(2, False)","([2, 2], 0, False)","(2, True)","([1, 2], 0, False)","(2, True)","([0, 2], 1, True)","(2, True)","([1, 2], 1, True)","(2, False)","([1, 2], 0, True)","(1, False)","([1, 2], 0, False)","(2, False)","([1, 2], 1, True)","(2, False)","([1, 2], 0, False)","(1, True)","([1, 2], 0, True)","(2, False)","([0, 2], 1, True)","[0.6, 0.9]",[]
15,G4.3.1,service15,"(2, True)","([2, 2], 0, True)","(2, False)","([2, 2], 1, False)","(2, False)","([1, 2], 0, False)","(2, False)","([2, 2], 1, True)","(2, True)","([1, 2], 0, False)","(2, True)","([1, 2], 1, True)","(2, True)","([1, 2], 0, False)","(1, False)","([1, 2], 0, True)","(2, False)","([1, 2], 0, True)","(2, False)","([2, 2], 1, False)","(2, True)","([1, 2], 1, True)","(2, True)","([0, 2], 1, True)","(2, False)","([1, 2], 0, True)","(2, True)","([2, 2], 0, True)","(1, True)","([0, 2], 0, False)","(1, True)","([2, 2], 1, False)","(0, True)","([1, 2], 0, False)","(2, False)","([1, 2], 0, True)","(0, True)","([1, 2], 1, True)","(0, True)","([1, 2], 1, True)","(2, True)","([1, 2], 1, True)","(2, False)","([1, 2], 1, False)","(1, True)","([1, 2], 0, True)","(1, False)","([1, 2], 1, True)","(2, True)","([1, 2], 0, True)","(2, False)","([0, 2], 0, True)","(2, True)","([1, 2], 0, False)","(1, False)","([1, 2], 1, False)","(0, False)","([1, 2], 0, True)","(2, True)","([1, 2], 0, True)","(2, True)","([1, 2], 0, False)","(2, False)","([0, 2], 0, True)","(0, False)","([1, 2], 0, True)","(2, True)","([2, 2], 1, True)","(0, True)","([2, 2], 0, False)","(0, False)","([2, 2], 0, False)","(0, False)","([1, 2], 0, True)","(2, True)","([1, 2], 0, True)","(1, True)","([2, 2], 1, False)","(0, False)","([1, 2], 0, False)","(0, False)","([2, 2], 0, True)","(2, False)","([1, 2], 1, True)","(0, True)","([1, 2], 0, False)","(2, False)","([1, 2], 1, False)","(1, True)","([2, 2], 1, True)","(2, True)","([1, 2], 1, True)","(2, False)","([1, 2], 1, True)","(1, True)","([0, 2], 1, True)","(1, True)","([1, 2], 0, True)","(2, False)","([1, 2], 1, False)","[0.6, 0.9]",[]
16,G4.3.1,service16,"(2, True)","([0, 2], 0, False)","(2, False)","([1, 2], 0, True)","(0, True)","([2, 2], 0, True)","(2, False)","([1, 2], 1, True)","(2, False)","([0, 2], 0, True)","(0, False)","([1, 2], 1, False)","(0, True)","([1, 2], 0, False)","(2, False)","([0, 2], 0, False)","(2, False)","([1, 2], 1, True)","(1, True)","([0, 2], 1, False)","(0, False)","([1, 2], 1, True)","(2, True)","([0, 2], 1, False)","(0, True)","([2, 2], 0, False)","(2, True)","([1, 2], 0, True)","(2, False)","([1, 2], 1, False)","(2, True)","([0, 2], 0, False)","(0, False)","([1, 2], 0, False)","(1, False)","([0, 2], 0, False)","(0, True)","([1, 2], 1, True)","(1, True)","([0, 2], 0, True)","(1, True)","([2, 2], 0, True)","(2, False)","([2, 2], 0, False)","(2, False)","([1, 2], 1, True)","(2, True)","([1, 2], 0, True)","(0, True)","([2, 2], 0, False)","(2, False)","([1, 2], 0, False)","(1, False)","([1, 2], 0, True)","(1, False)","([1, 2], 0, True)","(2, True)","([2, 2], 0, True)","(1, True)","([1, 2], 1, True)","(2, False)","([1, 2], 1, True)","(2, False)","([1, 2], 1, True)","(2, True)","([1, 2], 0, False)","(1, False)","([1, 2], 0, True)","(2, True)","([2, 2], 1, True)","(1, False)","([2, 2], 0, False)","(2, True)","([2, 2], 0, False)","(0, False)","([2, 2], 0, False)","(2, True)","([1, 2], 1, False)","(2, True)","([1, 2], 0, True)","(0, False)","([1, 2], 1, False)","(2, False)","([1, 2], 0, False)","(1, True)","([1, 2], 0, True)","(0, True)","([1, 2], 0, False)","(0, False)","([1, 2], 0, False)","(2, True)","([1, 2], 1, False)","(0, False)","([0, 2], 0, False)","(1, False)","([1, 2], 0, True)","(2, False)","([0, 2], 0, True)","(0, False)","([1, 2], 1, False)","[0.6, 0.9]",[]
17,G4.3.1,service17,"(1, False)","([2, 2], 1, True)","(1, False)","([1, 2], 0, True)","(1, True)","([1, 2], 0, True)","(2, False)","([1, 2], 1, False)","(0, True)","([1, 2], 0, False)","(2, False)","([1, 2], 0, False)","(0, False)","([1, 2], 0, False)","(2, True)","([0, 2], 0, False)","(1, True)","([0, 2], 0, True)","(2, True)","([1, 2], 0, True)","(2, True)","([1, 2], 0, True)","(2, False)","([1, 2], 0, True)","(0, False)","([1, 2], 1, False)","(1, False)","([0, 2], 0, True)","(2, False)","([1, 2], 0, False)","(2, False)","([2, 2], 0, True)","(1, True)","([2, 2], 0, False)","(0, True)","([1, 2], 1, True)","(2, True)","([1, 2], 0, False)","(2, True)","([1, 2], 1, True)","(2, True)","([1, 2], 0, False)","(2, True)","([1, 2], 0, True)","(2, True)","([1, 2], 0, True)","(0, False)","([1, 2], 1, False)","(2, False)","([1, 2], 1, False)","(1, False)","([1, 2], 0, False)","(0, False)","([0, 2], 0, True)","(2, False)","([0, 2], 0, False)","(1, False)","([1, 2], 1, False)","(0, False)","([1, 2], 0, True)","(1, False)","([1, 2], 1, False)","(1, True)","([2, 2], 0, False)","(0, True)","([1, 2], 0, True)","(1, True)","([1, 2], 0, True)","(1, False)","([1, 2], 1, True)","(1, True)","([1, 2], 0, False)","(2, True)","([1, 2], 1, True)","(0, False)","([1, 2], 0, False)","(2, False)","([2, 2], 1, False)","(2, True)","([1, 2], 1, True)","(0, True)","([0, 2], 0, True)","(2, False)","([2, 2], 1, False)","(1, False)","([1, 2], 0, False)","(2, False)","([1, 2], 0, False)","(1, True)","([1, 2], 0, False)","(2, False)","([2, 2], 0, True)","(0, False)","([1, 2], 0, True)","(2, False)","([0, 2], 0, False)","(1, True)","([1, 2], 0, False)","(2, True)","([2, 2], 0, True)","[0.3, 0.6]",[]
18,G4.3.1,service18,"(0, False)","([1, 2], 0, True)","(1, True)","([1, 2], 0, False)","(0, True)","([1, 2], 1, True)","(1, True)","([1, 2], 0, True)","(1, False)","([0, 2], 0, True)","(0, True)","([2, 2], 0, False)","(0, False)","([0, 2], 0, True)","(1, True)","([2, 2], 1, True)","(1, False)","([1, 2], 0, True)","(1, False)","([1, 2], 1, False)","(0, True)","([2, 2], 1, False)","(2, False)","([1, 2], 1, True)","(0, True)","([1, 2], 0, False)","(2, True)","([1, 2], 0, False)","(2, True)","([1, 2], 0, True)","(2, True)","([0, 2], 1, True)","(1, True)","([1, 2], 1, False)","(2, False)","([1, 2], 0, True)","(2, False)","([0, 2], 0, True)","(1, False)","([2, 2], 0, False)","(0, True)","([1, 2], 0, False)","(2, False)","([1, 2], 0, True)","(2, False)","([1, 2], 0, True)","(1, False)","([0, 2], 0, True)","(2, True)","([1, 2], 1, False)","(0, False)","([2, 2], 0, False)","(0, False)","([1, 2], 1, False)","(1, True)","([2, 2], 1, False)","(2, False)","([1, 2], 0, False)","(2, False)","([1, 2], 1, True)","(2, True)","([1, 2], 1, True)","(1, False)","([1, 2], 1, True)","(2, False)","([1, 2], 0, False)","(2, False)","([1, 2], 0, True)","(0, True)","([2, 2], 0, False)","(2, False)","([1, 2], 0, False)","(2, True)","([0, 2], 1, False)","(0, True)","([0, 2], 0, True)","(1, False)","([1, 2], 0, False)","(1, False)","([1, 2], 1, True)","(2, False)","([1, 2], 0, False)","(0, True)","([1, 2], 1, False)","(1, True)","([1, 2], 1, True)","(1, True)","([2, 2], 1, False)","(2, False)","([1, 2], 0, True)","(1, True)","([1, 2], 1, True)","(2, False)","([0, 2], 0, False)","(2, True)","([1, 2], 0, True)","(2, False)","([1, 2], 0, True)","(2, False)","([1, 2], 1, False)","[0.6, 0.9]",[]
19,G4.3.1,service19,"(2, True)","([1, 2], 0, False)","(0, False)","([1, 2], 0, False)","(2, True)","([1, 2], 0, False)","(1, False)","([1, 2], 1, True)","(0, False)","([1, 2], 0, False)","(0, False)","([1, 2], 0, True)","(0, True)","([1, 2], 1, False)","(2, True)","([1, 2], 0, True)","(2, False)","([1, 2], 1, True)","(2, False)","([1, 2], 1, True)","(2, True)","([1, 2], 0, True)","(2, False)","([2, 2], 0, False)","(1, True)","([0, 2], 1, False)","(0, True)","([1, 2], 1, True)","(2, True)","([1, 2], 1, True)","(0, True)","([0, 2], 0, False)","(0, True)","([1, 2], 0, False)","(2, False)","([1, 2], 1, False)","(1, True)","([2, 2], 0, False)","(2, False)","([1, 2], 0, False)","(1, True)","([1, 2], 1, True)","(0, False)","([2, 2], 0, True)","(2, False)","([1, 2], 0, True)","(2, True)","([0, 2], 0, True)","(2, True)","([1, 2], 1, False)","(0, False)","([1, 2], 1, True)","(2, True)","([1, 2], 0, False)","(2, True)","([1, 2], 0, False)","(0, True)","([1, 2], 1, True)","(2, False)","([1, 2], 0, False)","(1, True)","([1, 2], 0, False)","(2, False)","([1, 2], 0, True)","(0, True)","([2, 2], 0, False)","(2, True)","([1, 2], 1, False)","(2, True)","([1, 2], 0, True)","(2, True)","([2, 2], 1, True)","(2, False)","([0, 2], 1, False)","(0, True)","([2, 2], 0, False)","(2, True)","([1, 2], 0, False)","(1, True)","([2, 2], 0, False)","(2, True)","([0, 2], 0, False)","(2, True)","([1, 2], 0, True)","(2, True)","([1, 2], 1, False)","(0, False)","([0, 2], 0, False)","(2, True)","([0, 2], 0, True)","(0, False)","([1, 2], 0, False)","(2, True)","([0, 2], 0, True)","(2, False)","([2, 2], 1, False)","(1, True)","([1, 2], 0, True)","(1, False)","([2, 2], 0, True)","[0.3, 0.6]","[('sd13', 1), ('sd26', 1), ('sd22', 1), ('sd30', 0), ('sd42', 1), ('sd9', 1), ('sd23', 1), ('sd14', 1), ('sd32', 1), ('sd7', 1)]"
20,G4.3.1,service20,"(0, False)","([1, 2], 1, False)","(2, True)","([1, 2], 1, False)","(0, True)","([0, 2], 0, False)","(1, False)","([2, 2], 0, False)","(2, False)","([2, 2], 1, False)","(2, True)","([0, 2], 0, True)","(2, True)","([1, 2], 1, True)","(0, False)","([1, 2], 1, True)","(2, False)","([0, 2], 0, False)","(2, False)","([0, 2], 0, False)","(2, True)","([0, 2], 1, False)","(2, False)","([2, 2], 0, False)","(2, True)","([1, 2], 0, True)","(0, True)","([2, 2], 0, False)","(0, True)","([0, 2], 1, False)","(0, False)","([0, 2], 0, True)","(2, True)","([1, 2], 1, True)","(2, False)","([1, 2], 0, False)","(1, True)","([1, 2], 1, True)","(0, False)","([1, 2], 0, True)","(2, False)","([1, 2], 0, True)","(1, True)","([1, 2], 0, True)","(2, True)","([1, 2], 1, True)","(0, False)","([2, 2], 1, False)","(2, False)","([1, 2], 0, True)","(2, True)","([1, 2], 0, False)","(2, True)","([2, 2], 1, True)","(2, True)","([1, 2], 1, True)","(2, False)","([1, 2], 0, False)","(2, False)","([1, 2], 0, False)","(2, False)","([1, 2], 0, True)","(1, True)","([2, 2], 0, True)","(1, False)","([1, 2], 0, False)","(2, False)","([1, 2], 0, True)","(0, False)","([1, 2], 1, True)","(2, True)","([0, 2], 0, True)","(1, True)","([1, 2], 0, True)","(2, False)","([1, 2], 0, False)","(0, True)","([1, 2], 0, False)","(1, True)","([1, 2], 0, False)","(2, False)","([0, 2], 0, False)","(2, True)","([1, 2], 0, False)","(0, False)","([0, 2], 0, True)","(0, True)","([1, 2], 0, True)","(2, True)","([0, 2], 0, True)","(0, False)","([1, 2], 0, False)","(0, False)","([2, 2], 0, False)","(1, True)","([1, 2], 0, True)","(0, False)","([1, 2], 1, True)","(0, False)","([0, 2], 0, True)","[0.6, 0.9]",[]
21,G4.3.1,service21,"(0, True)","([1, 2], 1, True)","(1, False)","([1, 2], 0, False)","(0, False)","([1, 2], 1, False)","(2, False)","([1, 2], 0, True)","(2, True)","([1, 2], 1, False)","(0, False)","([2, 2], 0, False)","(2, True)","([2, 2], 0, True)","(2, False)","([1, 2], 0, False)","(2, False)","([2, 2], 1, False)","(0, True)","([1, 2], 0, False)","(0, True)","([1, 2], 1, True)","(1, True)","([1, 2], 0, True)","(2, False)","([1, 2], 0, True)","(2, False)","([0, 2], 0, False)","(2, False)","([2, 2], 1, False)","(2, True)","([1, 2], 1, False)","(2, True)","([1, 2], 0, True)","(2, True)","([1, 2], 0, False)","(2, False)","([1, 2], 0, False)","(2, False)","([1, 2], 1, True)","(0, False)","([1, 2], 0, True)","(2, False)","([1, 2], 1, True)","(2, False)","([1, 2], 0, True)","(2, False)","([2, 2], 0, False)","(1, True)","([1, 2], 0, True)","(0, True)","([0, 2], 0, False)","(2, True)","([0, 2], 0, True)","(0, False)","([0, 2], 1, True)","(0, False)","([1, 2], 0, True)","(2, True)","([1, 2], 0, False)","(0, True)","([1, 2], 0, False)","(1, True)","([2, 2], 0, False)","(1, False)","([1, 2], 0, True)","(2, False)","([1, 2], 0, False)","(0, True)","([1, 2], 0, False)","(2, True)","([1, 2], 1, True)","(2, False)","([1, 2], 0, False)","(2, True)","([0, 2], 1, True)","(2, False)","([2, 2], 1, True)","(2, False)","([1, 2], 1, False)","(2, False)","([1, 2], 0, False)","(0, False)","([1, 2], 0, False)","(2, True)","([2, 2], 0, True)","(1, False)","([1, 2], 0, False)","(2, False)","([1, 2], 0, True)","(2, False)","([1, 2], 1, False)","(2, False)","([2, 2], 0, False)","(2, True)","([1, 2], 1, False)","(2, True)","([0, 2], 0, False)","(2, False)","([1, 2], 0, False)","[0.3, 0.6]",[]
22,G4.3.1,service22,"(1, True)","([1, 2], 1, False)","(0, False)","([1, 2], 0, True)","(1, False)","([1, 2], 0, False)","(2, False)","([1, 2], 0, False)","(2, False)","([1, 2], 1, True)","(0, False)","([1, 2], 0, True)","(2, False)","([1, 2], 1, True)","(0, True)","([0, 2], 1, False)","(2, True)","([1, 2], 0, True)","(1, False)","([1, 2], 0, False)","(1, True)","([1, 2], 0, False)","(2, False)","([2, 2], 1, False)","(1, False)","([1, 2], 0, False)","(2, False)","([1, 2], 0, True)","(1, True)","([1, 2], 0, False)","(2, True)","([2, 2], 0, False)","(0, True)","([1, 2], 1, False)","(2, False)","([1, 2], 1, True)","(0, True)","([1, 2], 1, True)","(2, True)","([1, 2], 0, False)","(2, False)","([1, 2], 1, True)","(2, False)","([2, 2], 1, True)","(2, True)","([2, 2], 0, False)","(0, False)","([1, 2], 0, True)","(1, False)","([1, 2], 0, False)","(1, True)","([2, 2], 1, True)","(1, False)","([1, 2], 1, True)","(1, True)","([1, 2], 0, True)","(2, True)","([1, 2], 0, True)","(1, False)","([0, 2], 0, False)","(0, True)","([1, 2], 0, True)","(2, False)","([1, 2], 0, False)","(0, True)","([1, 2], 1, False)","(1, False)","([1, 2], 0, True)","(2, False)","([0, 2], 0, False)","(0, True)","([2, 2], 0, False)","(0, True)","([1, 2], 0, True)","(2, False)","([1, 2], 0, False)","(0, False)","([1, 2], 0, False)","(2, True)","([1, 2], 0, True)","(1, True)","([1, 2], 0, False)","(0, True)","([1, 2], 1, True)","(2, False)","([1, 2], 0, True)","(2, False)","([1, 2], 0, True)","(2, False)","([2, 2], 0, False)","(2, False)","([2, 2], 0, True)","(2, False)","([1, 2], 0, True)","(0, True)","([1, 2], 1, True)","(1, False)","([1, 2], 0, True)","(2, True)","([1, 2], 0, False)","[0.6, 0.9]","[('sd0', 2), ('sd31', 1), ('sd32', 1), ('sd26', 2), ('sd30', 1), ('sd8', 1), ('sd12', 2), ('sd14', 0), ('sd19', 1), ('sd29', 2), ('sd27', 0), ('sd3', 1)]"
23,G4.3.1,service23,"(2, False)","([1, 2], 0, False)","(2, False)","([1, 2], 1, True)","(0, True)","([1, 2], 0, False)","(2, True)","([1, 2], 0, True)","(2, False)","([2, 2], 0, True)","(2, False)","([1, 2], 0, True)","(2, True)","([1, 2], 0, True)","(0, True)","([1, 2], 1, False)","(2, True)","([2, 2], 1, True)","(1, True)","([0, 2], 1, False)","(2, False)","([2, 2], 1, True)","(2, True)","([1, 2], 1, False)","(2, True)","([1, 2], 0, False)","(0, True)","([1, 2], 0, False)","(1, True)","([1, 2], 0, False)","(2, False)","([1, 2], 0, False)","(0, True)","([1, 2], 1, False)","(1, False)","([1, 2], 0, False)","(0, False)","([1, 2], 0, True)","(0, True)","([0, 2], 1, False)","(0, True)","([1, 2], 1, False)","(2, True)","([1, 2], 0, False)","(1, True)","([0, 2], 0, True)","(1, False)","([1, 2], 0, False)","(0, False)","([1, 2], 0, True)","(0, False)","([0, 2], 0, False)","(1, False)","([2, 2], 0, False)","(2, False)","([1, 2], 1, False)","(1, False)","([1, 2], 1, True)","(2, False)","([1, 2], 0, False)","(2, True)","([1, 2], 0, True)","(2, False)","([1, 2], 0, False)","(0, True)","([1, 2], 0, False)","(1, True)","([1, 2], 0, False)","(2, True)","([1, 2], 0, True)","(2, False)","([0, 2], 0, False)","(0, False)","([2, 2], 0, True)","(2, True)","([1, 2], 0, False)","(0, False)","([1, 2], 0, False)","(0, False)","([0, 2], 0, True)","(0, True)","([1, 2], 1, True)","(2, False)","([1, 2], 0, True)","(2, True)","([1, 2], 0, False)","(0, False)","([0, 2], 0, True)","(2, False)","([1, 2], 0, True)","(1, True)","([1, 2], 0, False)","(1, False)","([1, 2], 0, False)","(1, True)","([1, 2], 1, False)","(0, False)","([1, 2], 0, True)","(2, True)","([1, 2], 0, True)","[0.6, 0.9]",[]
24,G4.3.1,service24,"(1, False)","([1, 2], 0, False)","(1, True)","([1, 2], 1, False)","(2, True)","([1, 2], 0, False)","(0, True)","([1, 2], 0, False)","(1, False)","([1, 2], 0, False)","(2, True)","([1, 2], 0, False)","(0, True)","([1, 2], 1, False)","(1, False)","([1, 2], 0, False)","(2, False)","([0, 2], 0, True)","(2, True)","([1, 2], 1, True)","(2, True)","([1, 2], 0, True)","(2, False)","([1, 2], 0, False)","(2, True)","([1, 2], 0, False)","(2, True)","([2, 2], 0, False)","(2, False)","([2, 2], 0, False)","(1, True)","([1, 2], 1, False)","(0, True)","([1, 2], 1, False)","(0, False)","([0, 2], 0, False)","(0, False)","([0, 2], 0, False)","(2, False)","([1, 2], 1, True)","(1, True)","([1, 2], 0, True)","(1, False)","([1, 2], 0, False)","(0, False)","([0, 2], 0, True)","(1, False)","([0, 2], 0, True)","(0, False)","([1, 2], 1, False)","(2, True)","([1, 2], 1, True)","(0, True)","([0, 2], 0, True)","(2, True)","([1, 2], 1, True)","(0, False)","([2, 2], 1, False)","(0, True)","([1, 2], 0, True)","(2, False)","([1, 2], 0, True)","(2, True)","([1, 2], 0, False)","(2, True)","([1, 2], 1, True)","(2, False)","([0, 2], 1, False)","(2, False)","([1, 2], 1, True)","(1, True)","([0, 2], 0, False)","(2, False)","([1, 2], 1, False)","(1, True)","([1, 2], 0, False)","(0, False)","([1, 2], 0, False)","(2, True)","([1, 2], 0, False)","(0, True)","([1, 2], 0, True)","(1, True)","([1, 2], 1, True)","(2, True)","([1, 2], 1, False)","(1, False)","([2, 2], 0, False)","(2, False)","([1, 2], 0, True)","(2, False)","([0, 2], 0, True)","(2, True)","([1, 2], 1, True)","(1, False)","([1, 2], 0, False)","(2, False)","([0, 2], 0, True)","(0, True)","([2, 2], 0, True)","[0.6, 0.9]","[('sd16', 1), ('sd17', 1), ('sd6', 1), ('sd36', 1), ('sd41', 0), ('sd21', 2), ('sd37', 0), ('sd10', 1)]"
